Workbook

Sheet Property Information
A1: Property ID | B1: Property Name | C1: Property Type | D1: Address | E1: City | F1: State | G1: Zip Code | H1: Year Built | I1: Building Class | J1: Gross Building Area (Sq Ft) | K1: Net Rentable Area (Sq Ft) | L1: Land Area (Acres) | M1: Number of Floors | N1: Total Rental Units | O1: Property Manager | P1: Owner Name | Q1: Appraisal Date | R1: Market Cap Rate | S1: Average Annual Operating Expense | T1: Average Annual Maintenance Expense | U1: Property Condition
A2: PROP-001 | B2: Sunset Towers | C2: Commercial Office Building | D2: 125 Market Street | E2: Chicago | F2: IL | G2: 60601 | H2: 2015 | I2: A | J2: 120000 | K2: 100000 | L2: 2.5 | M2: 15 | N2: 50 | O2: Michael Johnson | P2: Sunset Holdings LLC | Q2: 46301 | R2: 0.065 | S2: 450000 | T2: 120000 | U2: Excellent

Sheet Rent Roll Data
A1: Unit Number | B1: Tenant ID | C1: Tenant Name | D1: Industry Type | E1: Lease Start Date | F1: Lease End Date | G1: Lease Term (Months) | H1: Square Feet Leased | I1: Monthly Base Rent | J1: Additional Rent | K1: Monthly Rent Total | L1: Security Deposit | M1: Occupancy Status | N1: Annual Rent | O1: Remaining Lease Term (Months) | P1: Renewal Probability | Q1: Credit Rating | R1: Notes
A2: 1 | B2: T001 | C2: Tenant 1 | D2: Finance | E2: 45292 | F2: 47118 | G2: 60 | H2: 3217 | I2: 4398 | J2: 426 | K2: =IF(M2="Occupied",I2+J2,0) -> 0 | L2: 8796 | M2: Occupied | N2: =K2*12 -> 0 | O2: =DATEDIF(TODAY(),F2,"M") -> 0 | P2: 0.6 | Q2: B
A3: 2 | B3: T002 | C3: Tenant 2 | D3: Healthcare | E3: 45292 | F3: 47118 | G3: 24 | H3: 1145 | I3: 5634 | J3: 790 | K3: =IF(M3="Occupied",I3+J3,0) -> 0 | L3: 11268 | M3: Occupied | N3: =K3*12 -> 0 | O3: =DATEDIF(TODAY(),F3,"M") -> 0 | P3: 0.7 | Q3: A-
A4: 3 | B4: T003 | C4: Tenant 3 | D4: Healthcare | E4: 45292 | F4: 47118 | G4: 60 | H4: 2727 | I4: 3753 | J4: 156 | K4: =IF(M4="Occupied",I4+J4,0) -> 0 | L4: 7506 | M4: Occupied | N4: =K4*12 -> 0 | O4: =DATEDIF(TODAY(),F4,"M") -> 0 | P4: 0.6 | Q4: B+
A5: 4 | B5: T004 | C5: Tenant 4 | D5: Legal | E5: 45292 | F5: 47118 | G5: 48 | H5: 1269 | I5: 2768 | J5: 280 | K5: =IF(M5="Occupied",I5+J5,0) -> 0 | L5: 5536 | M5: Occupied | N5: =K5*12 -> 0 | O5: =DATEDIF(TODAY(),F5,"M") -> 0 | P5: 0.6 | Q5: A-
A6: 5 | B6: T005 | C6: Tenant 5 | D6: Healthcare | E6: 45292 | F6: 47118 | G6: 24 | H6: 1571 | I6: 4891 | J6: 169 | K6: =IF(M6="Occupied",I6+J6,0) -> 0 | L6: 9782 | M6: Occupied | N6: =K6*12 -> 0 | O6: =DATEDIF(TODAY(),F6,"M") -> 0 | P6: 0.7 | Q6: A-
A7: 6 | B7: T006 | C7: Tenant 6 | D7: Healthcare | E7: 45292 | F7: 47118 | G7: 48 | H7: 1619 | I7: 3267 | J7: 186 | K7: =IF(M7="Occupied",I7+J7,0) -> 0 | L7: 8250 | M7: Vacant | N7: =K7*12 -> 0 | O7: =DATEDIF(TODAY(),F7,"M") -> 0 | P7: 0.8 | Q7: B
A8: 7 | B8: T007 | C8: Tenant 7 | D8: Legal | E8: 45292 | F8: 47118 | G8: 60 | H8: 3059 | I8: 5852 | J8: 316 | K8: =IF(M8="Occupied",I8+J8,0) -> 0 | L8: 11704 | M8: Occupied | N8: =K8*12 -> 0 | O8: =DATEDIF(TODAY(),F8,"M") -> 0 | P8: 0.6 | Q8: A-
A9: 8 | B9: T008 | C9: Tenant 8 | D9: Consulting | E9: 45292 | F9: 47118 | G9: 24 | H9: 3257 | I9: 2940 | J9: 539 | K9: =IF(M9="Occupied",I9+J9,0) -> 0 | L9: 5880 | M9: Occupied | N9: =K9*12 -> 0 | O9: =DATEDIF(TODAY(),F9,"M") -> 0 | P9: 0.6 | Q9: A-
A10: 9 | B10: T009 | C10: Tenant 9 | D10: Technology | E10: 45292 | F10: 47118 | G10: 36 | H10: 1523 | I10: 4339 | J10: 798 | K10: =IF(M10="Occupied",I10+J10,0) -> 0 | L10: 8678 | M10: Occupied | N10: =K10*12 -> 0 | O10: =DATEDIF(TODAY(),F10,"M") -> 0 | P10: 0.9 | Q10: B
A11: 10 | B11: T010 | C11: Tenant 10 | D11: Legal | E11: 45292 | F11: 47118 | G11: 24 | H11: 2788 | I11: 4793 | J11: 519 | K11: =IF(M11="Occupied",I11+J11,0) -> 0 | L11: 9586 | M11: Occupied | N11: =K11*12 -> 0 | O11: =DATEDIF(TODAY(),F11,"M") -> 0 | P11: 0.9 | Q11: A
A12: 11 | B12: T011 | C12: Tenant 11 | D12: Healthcare | E12: 45292 | F12: 47118 | G12: 36 | H12: 2240 | I12: 4235 | J12: 145 | K12: =IF(M12="Occupied",I12+J12,0) -> 0 | L12: 8470 | M12: Occupied | N12: =K12*12 -> 0 | O12: =DATEDIF(TODAY(),F12,"M") -> 0 | P12: 0.6 | Q12: A-
A13: 12 | B13: T012 | C13: Tenant 12 | D13: Technology | E13: 45292 | F13: 47118 | G13: 24 | H13: 2200 | I13: 3756 | J13: 698 | K13: =IF(M13="Occupied",I13+J13,0) -> 0 | L13: 7512 | M13: Occupied | N13: =K13*12 -> 0 | O13: =DATEDIF(TODAY(),F13,"M") -> 0 | P13: 0.9 | Q13: A-
... A51: 50 | B51: T050 | C51: Tenant 50 | D51: Healthcare | E51: 45292 | F51: 47118 | G51: 48 | H51: 966 | I51: 4890 | J51: 308 | K51: =IF(M51="Occupied",I51+J51,0) -> 0 | L51: 9780 | M51: Occupied | N51: =K51*12 -> 0 | O51: =DATEDIF(TODAY(),F51,"M") -> 0 | P51: 0.7 | Q51: B

Sheet Appraisal Summary
A1: Total Units | B1: Occupied Units | C1: Vacant Units | D1: Occupancy Percentage | E1: Total Monthly Rent | F1: Total Annual Rent | G1: Average Monthly Rent | H1: Largest Unit Size | I1: Highest Annual Rent | J1: Operating Expenses | K1: Maintenance Expenses | L1: NOI | M1: Property Value
A2: =COUNTA('Rent Roll Data'!A2:A51) -> 0 | B2: =COUNTIF('Rent Roll Data'!M2:M51,"Occupied") -> 0 | C2: =COUNTIF('Rent Roll Data'!M2:M51,"Vacant") -> 0 | D2: =B2/A2 -> 0 | E2: =SUM('Rent Roll Data'!K2:K51) -> 0 | F2: =SUM('Rent Roll Data'!N2:N51) -> 0 | G2: =AVERAGE('Rent Roll Data'!A11:AX11) -> 0 | H2: =MAX('Rent Roll Data'!H2:H51) -> 0 | I2: =MAX('Rent Roll Data'!N2:N51) -> 0 | J2: ='Property Information'!S2 -> 0 | K2: ='Property Information'!T2 -> 0 | L2: =F2-(J2+K2) -> 0 | M2: =L2/'Property Information'!R2 -> 0
